,A,B,C,D
2000-01-01,-0.698056577204008,-0.2087977004813513,-0.9899821010106186,-1.180770673294893
2000-01-02,-0.9032679688135534,-0.9305510650627727,-1.885547112496755,-0.10026172782195508
2000-01-03,-1.9530610774082016,-0.13824816388908445,-2.3145674472891553,-1.1099769902771237
2000-01-04,-1.962573508919535,-0.9656326567882759,-0.12989655093395136,-2.168419242274018
2000-01-05,-2.0123750124080635,-1.7378808524433862,0.360714471291498,-2.7652422229771565
2000-01-06,-2.373652513908881,-2.4433452204306807,-1.1081227461651288,-1.246342707956334
2000-01-07,-1.7604556311054833,-1.753777315558322,0.2863137777212281,-0.77420549470242
2000-01-08,-1.7807949996533055,-1.4179894070036227,0.20624087478799602,0.9547808216079237
2000-01-09,-2.396132403246898,-2.004118435901039,0.6870765616520751,1.1953027691296005
2000-01-10,-1.261070718737996,-1.9858266898394825,0.4511209175407127,2.1684683094781105
2000-01-11,0.817397673389431,-3.1368065078978824,-1.739577257354635,1.735757461423256
2000-01-12,1.3376368214785996,-2.095113628041993,-2.2301377342062705,2.065597077711971
2000-01-13,2.1862101919624033,-1.7459711001046214,-3.307456007984213,0.41065356650117035
2000-01-14,2.945878087146127,-1.4500900568992725,-4.99828109207155,1.033863095054195
2000-01-15,2.694081792249176,-2.629895786106024,-4.0734816891659955,-0.1180522609668937
2000-01-16,3.7355473663300485,-3.7680357516485294,-4.410550601239053,-1.8210708114127636
2000-01-17,5.154441012633324,-3.7829682268286775,-5.5968753450546735,-1.1516089919387733
2000-01-18,6.300830060199051,-3.743561852075322,-5.73179018561487,-1.616191509316705
2000-01-19,7.404251355866451,-3.2201029519865574,-7.650867623472855,-0.5433301090513161
2000-01-20,6.51344760761857,-3.455490658667432,-7.644378162354405,-0.9263079761174822
2000-01-21,7.1068203306049025,-2.067844379043396,-6.5733763193928585,-0.3867991514084327
2000-01-22,6.7169978280478615,-2.1335289942137723,-6.933318966369436,-0.7832149957821053
2000-01-23,7.765626077252065,-1.588196222755712,-7.784265665985368,-0.508358399820251
2000-01-24,6.888886250301954,-1.7742889967258966,-8.115659955933577,-0.24430081846267665
2000-01-25,6.551004628226348,-2.784904865943477,-8.301807865787097,-0.7357697023177683
2000-01-26,4.717598294315383,-3.1300871492274838,-6.646141260554419,-1.8360231372045082
2000-01-27,6.688339008942287,0.1767935065438353,-6.886709809530241,-1.9369054945700974
2000-01-28,8.196028180431387,-0.5637687914259961,-4.329544598714548,-1.9421468432561673
2000-01-29,6.522254547783562,0.016918601551496937,-5.4635663503080245,-0.677474848903159
2000-01-30,7.086813375124783,-0.9335229807854449,-6.342937810848833,0.39410882018335647
2000-01-31,5.949310786512983,-1.69332828214154,-7.685141717412171,1.619106324921773
2000-02-01,5.797222095908694,-0.5606145772515119,-8.106110870135621,2.0198888652145044
2000-02-02,6.001331454456386,0.0038058088368373433,-8.54885542224924,1.6671318906275259
2000-02-03,4.46455544701668,-0.880812987776489,-10.094837030183559,1.949933219553648
2000-02-04,3.5082750896594437,-1.2108491352523163,-10.652402894573083,3.718360925076036
2000-02-05,1.3231765997423919,-2.0584169299078763,-10.353146550575634,2.624943565594716
2000-02-06,0.4446324008221235,-0.6285234342770276,-11.417599731419172,0.6117914821472237
2000-02-07,0.19550582315241252,-2.200211466995606,-10.657011484368033,2.469063549010275
2000-02-08,-0.9612868388102813,-2.413576640416254,-12.286375264644432,3.028682440365837
2000-02-09,-0.3605140038327981,-2.234600854303809,-12.017962626854674,3.1892500535508685
2000-02-10,-0.47544963731604495,-1.9708718274904957,-10.92475795304984,3.7176231785313094
2000-02-11,-0.6558673505341654,-1.4409110724038565,-13.007382390347924,2.768649459806581
2000-02-12,-2.4604984050500285,-2.036302718611464,-12.016733357831452,3.50001939488619
2000-02-13,-0.7937211369179982,-2.739401913005718,-11.083094440230866,3.3249579615120437
2000-02-14,1.5992805553283282,-3.3587355761894253,-10.639183464964393,2.747120581872723
2000-02-15,2.627116493676029,-2.348546741969254,-11.515240841902012,3.7837617219681405
2000-02-16,2.7920172516873367,-3.120571427264398,-11.653385174538714,5.23660480762426
2000-02-17,2.3619505806001255,-2.2710685060584344,-11.485560571611678,6.53648948334682
2000-02-18,2.1099001707526375,-1.8982604174626931,-10.388621184377902,6.5636983141961895
2000-02-19,1.625367106501034,-3.694370766251184,-8.757390415549997,7.635932511851657
2000-02-20,0.5927611220693081,-5.2902991532601655,-8.83617489059599,8.6403204936382
2000-02-21,-0.026448562782522944,-5.28720595697814,-9.037334385925035,10.478395658804082
2000-02-22,1.2002543165706783,-4.326275772852766,-7.924658085934533,12.708525688450157
2000-02-23,1.428582478234308,-4.738624854742976,-6.977563643539579,11.359346685862606
2000-02-24,1.3382388685759488,-4.4716014386406835,-5.7190643081029995,13.682500965349426
2000-02-25,-0.6484287781706317,-5.171653904407171,-6.098303290290081,14.2928687687518
2000-02-26,-2.0716157316458608,-5.645119906585843,-6.017324490394011,13.78938882198841
2000-02-27,-2.151232163702293,-6.09676101226147,-5.694089289410078,13.833453648678871
2000-02-28,-2.5153657391798614,-6.742798511350022,-5.346533602184137,14.784099817192303
2000-02-29,-2.6136351582626873,-8.056459285755924,-4.554105520567227,15.26261451238188
2000-03-01,-2.599235010545861,-8.116919485684626,-4.944265534071465,13.809645666663705
2000-03-02,-3.558649260067704,-7.712572843513396,-6.538912642304642,15.433605601805045
2000-03-03,-3.5704661464964222,-7.927967534786349,-5.763050494282599,15.618293273249995
2000-03-04,-5.121852220857573,-6.801460680499733,-5.269824924397513,16.510150183851493
2000-03-05,-5.210862824154078,-7.9206234408034355,-3.4402460557878145,15.976128418046034
2000-03-06,-4.569674373155308,-8.334238922947208,-1.8292686167212175,15.401158939525395
2000-03-07,-5.312052135004191,-7.731192757883322,-3.3373732866701626,15.905080660795223
2000-03-08,-5.929730652390258,-7.654219534216345,-2.5699171923312134,17.269664950628318
2000-03-09,-5.7231944570556825,-8.96522902409978,-4.086120705207401,18.555794665988387
2000-03-10,-5.165034537840504,-8.370316554012522,-2.1959280779838624,18.610842834160948
2000-03-11,-3.6643321596538767,-9.460662781754907,-1.4277296635627645,18.789340891316574
2000-03-12,-5.271643272549165,-9.054363464974095,0.28844669158155667,18.52059706931663
2000-03-13,-3.666574988819183,-8.504425692592946,1.2012155591038867,19.16727562450952
2000-03-14,-2.0517513459572396,-6.774433172948483,2.5959767947165835,17.919250655599757
2000-03-15,-1.9892281311326658,-7.2722078828171455,0.9474800784075637,17.32792875757683
2000-03-16,-2.496760379115659,-7.510680154822172,0.018060150756296856,17.217261570927448
2000-03-17,-4.27469020879603,-7.283151506953059,1.6205129463389523,18.274778041348767
2000-03-18,-4.701445145502334,-8.303968078746296,2.5905690604814144,17.249868024844666
2000-03-19,-6.72879246802125,-8.131023556318755,2.1783499572006115,18.62195996587482
2000-03-20,-5.763576977608513,-7.996329336306569,1.929008365115604,18.461428437125033
2000-03-21,-5.829414012050158,-8.86863240095072,3.266425999904882,17.36260437083096
2000-03-22,-6.730921874549586,-8.725324903773478,2.17684896299298,17.118672900574474
2000-03-23,-8.115527196800713,-9.802004908211956,3.361761594749479,18.670826673098123
2000-03-24,-9.819813329569936,-9.521827346399094,3.6115975076167284,19.062829577639654
2000-03-25,-9.394012867912537,-11.687932175575323,4.374730586639635,19.786580399783226
2000-03-26,-7.353865732563709,-9.949472103578891,4.056088442274584,19.888798173956427
2000-03-27,-7.830812880868309,-8.616525521658106,4.68647575647137,18.12960453498136
2000-03-28,-7.279552463690789,-9.358022982945146,4.506487576631979,18.835390419748194
2000-03-29,-8.094978357472117,-9.072055643037524,5.390593150972929,18.093507469531755
2000-03-30,-8.453572406101165,-8.606657416480056,5.387314103727474,17.454162627517015
2000-03-31,-7.8510523318348895,-8.922708076225614,6.023153596390092,16.926697436859886
2000-04-01,-7.954504046506732,-8.67478064072457,8.095278209588257,15.927296336925899
2000-04-02,-7.720725682097339,-9.261762458111907,7.682179438193307,14.727503950821188
2000-04-03,-6.398050506061988,-8.357552876750031,8.823259116330966,14.250301803121666
2000-04-04,-7.588813607313687,-7.654682345420592,9.289626997501987,14.776843430084698
2000-04-05,-9.091674511269922,-7.396941469032658,8.77725502059601,14.887342975272466
2000-04-06,-9.786634700693783,-9.294611396643806,9.884655567344268,14.920003141457892
2000-04-07,-9.86642332504524,-11.655889299236852,9.286615596210833,16.759894188695128
2000-04-08,-9.539524543770867,-11.749400277358372,10.619601890598888,17.08879848192469
2000-04-09,-8.427123361484181,-10.71292215954185,10.41541283287274,18.14113324641094
2000-04-10,-9.3433512239275,-10.556223234914047,11.906832289176712,17.671663810116744
2000-04-11,-9.321915616900966,-11.171087935996766,13.135080948240171,18.027839940425956
2000-04-12,-9.469817147006927,-11.277793387069982,13.842536884628503,16.951324535451477
2000-04-13,-8.704192000904492,-12.457555633131633,14.434028221181578,16.616950218328736
2000-04-14,-8.123940516717337,-11.010979295918132,15.070191989771335,14.92707013438634
2000-04-15,-8.133920342581145,-10.883887160529088,14.212308989941688,14.16973337362772
2000-04-16,-9.331477442652673,-7.36687424724194,14.302307289621432,13.284255898341012
2000-04-17,-9.589590119221768,-5.366623819554819,13.870181204873841,13.894377890403943
2000-04-18,-10.812884761682373,-5.736680703298938,12.868312370311855,13.93930237578439
2000-04-19,-10.705623446102141,-5.951182836683958,12.992685531732246,15.142435738185382
2000-04-20,-10.333515320887345,-5.195483275661018,11.096870810618805,13.876732150552083
2000-04-21,-11.068523988632528,-4.098759483487411,10.986971026020084,14.609403614471665
2000-04-22,-9.404512477129153,-3.4316807398090345,10.807612727356215,12.76355567408618
2000-04-23,-8.678126044746605,-4.789968880293014,9.844345404597256,10.699239172293849
2000-04-24,-8.519469472182763,-5.795178297987571,8.706765263509668,10.066749417158517
2000-04-25,-8.108673909696034,-4.89572004716898,8.363078312019148,8.588271018686974
2000-04-26,-7.364606914852345,-5.546417500802067,7.282746993511847,7.068527254638936
2000-04-27,-6.6119398650583925,-3.7604322140885422,5.466216953048905,6.646121101296867
2000-04-28,-5.397231999242686,-3.836806086736947,3.655991578539445,7.851869317847482
2000-04-29,-5.625100148239111,-4.490633165383948,1.827256869946549,7.8719403384730855
2000-04-30,-6.048440193262415,-5.721804982960135,1.0006723438793488,8.685420727954963
2000-05-01,-6.413937159154471,-4.442928293650885,1.9669357243930683,8.561999622825255
2000-05-02,-6.565716576753596,-4.7900073909479906,0.8909096139008763,8.168564686125748
2000-05-03,-6.430743272013967,-5.002478172914641,1.4157517246536422,7.886510134412335
2000-05-04,-5.988614518330667,-3.876135915325904,2.592525923164237,8.546740900526144
2000-05-05,-6.040758253024948,-3.0551027578261647,2.7723508852976275,8.887088109708632
2000-05-06,-6.302422264664638,-1.3321474763062957,2.3572697512155107,9.763939644430275
2000-05-07,-6.686532803751182,-1.6682371175891348,2.941051331033259,9.80249822938963
2000-05-08,-6.002478174159647,-1.4678292317043262,2.514029014208097,8.970338028775984
2000-05-09,-6.209745556938902,-0.014579264232875921,1.5869778862505362,9.175760942789733
2000-05-10,-5.89966743636132,0.28245981303731726,0.8336032690259799,10.336782064482575
2000-05-11,-4.846707617516827,-1.0426568330094228,2.1349900434392106,10.60162777088096
2000-05-12,-5.080520776691962,-1.7407414616677412,4.35629196558419,10.510348199722985
2000-05-13,-6.8214583850760775,-3.307382337190665,1.2961330236748294,10.733296042049917
2000-05-14,-6.111049016392126,-2.3580807554828453,0.1220894525978824,11.221531699546317
2000-05-15,-5.837903770849963,-2.8719793540005147,0.322657435617825,10.046880701725575
2000-05-16,-6.3968353767972275,-4.4046803440097335,-0.819951428836155,8.820102710506553
2000-05-17,-6.866455057153383,-4.492164283199104,-2.1036941769421373,11.350642377823728
2000-05-18,-7.219370722730938,-4.362219335517771,-3.0387962898697447,11.367083763169324
2000-05-19,-6.628179011233681,-4.511153659186517,-3.1926602255250867,11.788257229998823
2000-05-20,-5.654602303896501,-5.449204685809769,-1.7937874496933979,12.445577951479523
2000-05-21,-5.209614878387383,-4.858536833547037,-2.0358604154020266,11.577619529575417
2000-05-22,-7.597050717569857,-3.529482229787619,-3.0247474210677825,12.44677169753955
2000-05-23,-6.3918108678817225,-2.900731939275107,-5.415814378940093,12.553522380572007
2000-05-24,-5.8587137738078034,-0.32913456142758646,-6.865209216015382,14.981748754133093
2000-05-25,-5.9464010106277705,0.703804868229442,-6.731755553204174,15.688539609944689
2000-05-26,-5.304350508940207,0.3447866282717253,-8.016809143803268,14.990238954179402
2000-05-27,-4.983810419694135,0.5830896739477371,-7.834148182509763,16.850983697696055
2000-05-28,-3.7933838465511673,2.0106931776310697,-7.346626125404901,17.29689366195653
2000-05-29,-3.050833554605387,2.186711832685317,-8.15080311779067,16.86214252512264
2000-05-30,-4.330095315079094,1.9097141427080346,-6.590685086343068,16.14177595457351
2000-05-31,-4.2859615051212785,1.3618198978143827,-6.5107966868286855,16.11573581130579
2000-06-01,-3.8471544958029096,0.21170252797001932,-5.373716612719463,16.424673454983257
2000-06-02,-3.706585711116293,0.6651307134912332,-6.289482589825291,15.666724908027335
2000-06-03,-2.6618256290929834,-0.8262611088738347,-4.867057630009826,15.104142710868585
2000-06-04,-3.6590004226870665,-1.1377560451714754,-6.880150734883836,15.366213766289212
2000-06-05,-3.74900072155969,-4.438052897580594,-7.751005356782136,14.58755813448509
2000-06-06,-4.460079322090511,-5.94448430708516,-7.975562366303106,11.71298912052726
2000-06-07,-3.4798385892258303,-7.436376549119932,-8.415868706499671,11.426014018812202
2000-06-08,-4.399395186043784,-5.978693979808458,-8.47451297135867,13.083785584531473
2000-06-09,-4.633302271770549,-6.2130320811532815,-8.257486386437694,12.804006991659977
2000-06-10,-3.8534275851538546,-5.978540283830194,-9.714742441198334,13.49446645934907
2000-06-11,-3.9938677264556017,-7.273957114234437,-9.516597180708867,12.324645501668689
2000-06-12,-4.7660672146866885,-7.53430879208432,-9.634697454044783,12.82682403435235
2000-06-13,-5.303976921958424,-8.14217245718259,-10.14909529248498,13.47648538503343
2000-06-14,-4.778729528833171,-7.1332807735494965,-9.639683776920707,13.617750736858888
2000-06-15,-3.2353618185659925,-7.334811495867771,-8.602705417716592,13.757004730536975
2000-06-16,-3.5605465400506695,-7.709018963167741,-8.901807178396684,14.41886324585204
2000-06-17,-3.5109893462776434,-9.273786063936907,-8.407088658858228,15.112462515212039
2000-06-18,-5.738054947292547,-10.0665295614511,-9.563314626815947,14.721036915526252
2000-06-19,-6.666892549514056,-10.910746763158018,-9.295760029377309,15.573868651188185
2000-06-20,-7.6606891438260565,-11.375972740121096,-9.876579104556665,15.862710995579555
2000-06-21,-7.489037731899278,-13.79043947619788,-11.344800936606818,13.61778005445276
2000-06-22,-6.381856250580734,-12.412193971503664,-10.295739159455417,12.901003797271798
2000-06-23,-6.336544110373295,-12.584106733344608,-10.333688844996658,12.61317576390199
2000-06-24,-6.369038928759203,-12.275335379043037,-11.6441967210005,10.86021763945198
2000-06-25,-6.4896883773837235,-9.925389677859139,-10.659846227785405,11.230497645409342
2000-06-26,-5.755261569317762,-10.973419322947846,-11.340254664660687,11.297345245739276
2000-06-27,-6.825511095492027,-11.234198788769962,-11.524555240894031,12.301636309897773
2000-06-28,-6.267795528744151,-10.955361610390852,-12.800394276177046,13.312818127808704
2000-06-29,-7.988232076996023,-12.565483375190743,-12.18516791406238,12.705897580269474
2000-06-30,-9.000917381286538,-12.248144341805036,-11.865458079550214,12.33482265465841
2000-07-01,-8.553180869001554,-13.418988631503211,-11.949468471216623,13.157661259533004
2000-07-02,-8.18209190598993,-13.17655511826185,-12.15159182765066,13.006518520034323
2000-07-03,-9.830855312197508,-14.326985847362252,-11.443879106066081,13.915315050992984
2000-07-04,-9.249792236759458,-13.054947371317713,-11.37893877595863,16.13892422238766
2000-07-05,-8.652708666708616,-14.60035185223407,-9.390840007677404,15.758944261225391
2000-07-06,-7.6157779321122305,-15.019817865261013,-8.96022072380414,14.512650064973547
2000-07-07,-7.629687885461226,-14.882009368035591,-9.738066253291043,16.037409237888227
2000-07-08,-7.253600104066283,-14.06218693194053,-10.384317226093893,17.359118613150553
2000-07-09,-9.094946911299273,-12.802695001934548,-11.255224664572292,18.00375728461039
2000-07-10,-8.635094621627013,-13.364247544517589,-10.288576168541773,16.694605941058867
2000-07-11,-8.597155173906742,-10.289936860847604,-11.27539626766731,15.01271579117319
2000-07-12,-7.538160099424844,-9.875375268649963,-10.601505713855424,16.063902929861534
2000-07-13,-7.861266289584529,-9.220465618328731,-10.481530293337135,15.740904440253626
2000-07-14,-8.522079297246432,-9.000514765529118,-10.425710712870027,16.219072991416706
2000-07-15,-8.844889658609162,-8.596089479299716,-7.9555296225739385,15.75105926959101
2000-07-16,-8.763609542501309,-9.080533272380267,-9.328954381784705,15.085977969161544
2000-07-17,-10.046127503169192,-9.498444289217941,-10.70401574858211,17.412724881794347
2000-07-18,-11.214263306107426,-9.032889405163292,-11.856912361321765,18.12910799169991
2000-07-19,-10.822622621910233,-8.094014949597168,-12.033942510157344,20.81759697503318
2000-07-20,-10.045748073599508,-8.701012866883428,-13.192855214913642,19.508802944931602
2000-07-21,-9.751470273436194,-8.34018070376775,-13.39789912609658,18.525298336117157
2000-07-22,-11.375741951946177,-8.389838714649237,-14.914576268928634,18.905705969602977
2000-07-23,-11.981347478673362,-7.680121341313759,-13.436526444133925,18.263153298624623
2000-07-24,-11.76305071207493,-7.763807905699354,-12.142893472178521,18.732952775271645
2000-07-25,-11.813454858788948,-6.744651748845467,-12.508357127864267,19.503100419091474
2000-07-26,-11.428766465455046,-7.104996750389241,-12.55852576802441,21.42163813512171
2000-07-27,-9.994717697138803,-5.452868252131509,-12.119441984180407,21.44894400357412
2000-07-28,-9.794032686778346,-5.824521712043511,-11.648739751979221,22.31372773677107
2000-07-29,-9.635233891176314,-5.370235235399991,-12.315906817638398,23.549006883995208
2000-07-30,-9.783783861912863,-6.932681803702009,-12.338173578154777,20.839008617137818
2000-07-31,-11.78913840612828,-6.51732898078366,-11.942120016605607,19.630525541534407
2000-08-01,-11.533389572871577,-5.789061653259701,-10.607472222848301,20.899319319173685
2000-08-02,-12.532608515043602,-4.5568901746072825,-11.532103140966846,21.068883137293977
2000-08-03,-13.593400413352585,-3.4814191628729296,-11.35514084895366,22.606413992546138
2000-08-04,-13.425878600321722,-2.8361059238895607,-10.547216661040315,24.07064637081796
2000-08-05,-12.868354554417552,-3.5267030950286657,-10.826624781747318,23.761684073642716
2000-08-06,-13.98171964242375,-5.861647623045378,-11.832784217705264,24.633252290981673
2000-08-07,-15.098854767528646,-5.141118814422555,-12.108383048329717,21.368280611070332
2000-08-08,-15.72453845892015,-5.7676041591318965,-11.481880622716256,21.22714058117294
2000-08-09,-17.887729401803522,-4.465588538185743,-10.967625117706682,20.39831919685111
2000-08-10,-16.00533340299799,-4.155766866270097,-8.670511208259807,21.410100008261644
2000-08-11,-15.957131253009537,-4.974424413141385,-8.180774076834469,21.17694453714557
2000-08-12,-15.540257239610481,-6.147897186315491,-9.379778067375701,21.928893233878885
2000-08-13,-15.2664416766095,-5.656492529700536,-9.4354215221772,22.487422148266624
2000-08-14,-14.6920650537408,-5.681953381656456,-8.52830792943981,21.7732066708205
2000-08-15,-14.252518991627738,-5.668411821842538,-9.943260961039584,22.203684080023297
2000-08-16,-13.833579327061617,-6.56213299287714,-9.459090180929628,23.445322813103004
2000-08-17,-12.898309612462628,-7.05424977095901,-9.679041437089401,23.582169717819408
2000-08-18,-13.336234864851402,-7.191502604364482,-10.112243233411201,23.06329721673337
2000-08-19,-12.343550039711381,-6.906575305348467,-9.912991707860138,24.62679818128181
2000-08-20,-12.656748019638304,-6.560384988821304,-9.009420838822924,23.987149902927996
2000-08-21,-12.726423569878888,-6.3554248390267,-8.642289552165755,24.646586058292964
2000-08-22,-15.268631808710424,-7.324007231641806,-9.146912211986844,23.58695000887851
2000-08-23,-14.347620685739052,-7.63286709400466,-9.308866699633478,23.23569890866752
2000-08-24,-13.30128372967502,-6.355985275073312,-9.763050312181413,23.833448515671297
2000-08-25,-13.57736272474224,-5.801176301512999,-11.069766845351577,23.03937909054794
2000-08-26,-14.62727731272074,-5.542573199681252,-10.369561839218598,23.975630601184335
2000-08-27,-14.963001813687134,-5.978302732094469,-10.92016318254294,22.47294314415202
2000-08-28,-16.15108476821858,-4.638299379020647,-12.142801240195706,21.412375487433504
2000-08-29,-16.655652714962446,-3.342769031517416,-13.146770229731654,21.115688822409854
2000-08-30,-16.56622588614747,-4.51523277380641,-14.821708010341132,20.07786236556019
2000-08-31,-16.20447899165636,-5.3723158199716305,-14.325230260473479,19.98294707949706
2000-09-01,-14.1503717716097,-4.610035958599908,-12.95746807782663,21.827353880336897
2000-09-02,-13.268406793694218,-5.489457077282635,-13.403501215240915,21.287707195766494
2000-09-03,-13.365755447365073,-5.85910813230422,-12.528391364812249,21.72626015654918
2000-09-04,-12.253532903522043,-4.793587867927798,-11.449739047194571,23.059049782017606
2000-09-05,-13.393769197316661,-5.309440874512313,-10.4731704639051,23.73522834602493
2000-09-06,-13.80292655898595,-6.222211719738379,-8.256076292521545,23.747324468599952
2000-09-07,-13.972771836409528,-5.353822601264944,-8.088636555802351,23.261308366743926
2000-09-08,-14.79624410409877,-4.9199843101025795,-8.769226798069669,24.482408082072965
2000-09-09,-14.430756887534367,-3.750232216967289,-8.255652625181591,23.119966671069978
2000-09-10,-14.640369178730277,-4.67560766905691,-8.538655488856433,22.34984513167234
2000-09-11,-12.901593365094175,-4.109628565956484,-8.106703366259572,22.129007509904444
2000-09-12,-13.908716817083237,-4.598554278947283,-6.427869225038896,21.646965239738385
2000-09-13,-14.301866396060174,-5.146779929806283,-5.388937034213353,21.952227254754167
2000-09-14,-15.034407465800339,-4.871770774836069,-5.415527021080894,20.850024222520286
2000-09-15,-14.890015770356346,-5.662380043738403,-6.352325988570586,20.469237051561272
2000-09-16,-15.076937429535567,-3.4252134023637466,-6.492913108191466,21.36812962131842
2000-09-17,-14.505772029831377,-4.448867221078669,-6.71023329465866,20.27272405062471
2000-09-18,-14.024600485521047,-3.652756777808622,-7.338359933068374,19.80378452155134
2000-09-19,-12.983954290501236,-4.362184065676333,-6.994697343605113,19.468508108957952
2000-09-20,-13.612352293725564,-4.360163650331204,-6.155424513924934,19.960315317317608
2000-09-21,-13.60824032230197,-5.194884224375331,-6.286243441615021,20.352428178631836
2000-09-22,-13.786392515084247,-3.5647636904241065,-4.746469215173885,20.13339770335895
2000-09-23,-10.85700508736642,-3.4119188831110314,-5.232412626016818,21.078479817963228
2000-09-24,-10.917500308159948,-4.092023812551012,-4.930857385526583,20.327488651081936
2000-09-25,-9.364789931761809,-3.6525073707817204,-3.34325317239144,20.502418692849176
2000-09-26,-10.27983912495039,-3.682465593641135,-4.93651081160923,21.68369861626751
2000-09-27,-9.969167935853182,-2.8299201191370242,-4.170060121154863,21.403249984425905
2000-09-28,-9.351735949521295,-2.086726749192467,-4.6504356963135605,20.313886504030357
2000-09-29,-8.903704820917508,-2.1325521752507695,-3.746729358560894,22.58475244291421
2000-09-30,-11.100070020294627,-2.218302234605132,-3.457051588198277,23.068795688580863
2000-10-01,-10.82105060543741,-1.951963644206644,-0.32537853364481206,24.085088259599022
2000-10-02,-12.42330204211044,-1.0434815853222315,-0.3887748821192834,25.840923284203168
2000-10-03,-13.09805236503568,0.577241548303385,0.8187425908680552,26.226079702655998
2000-10-04,-13.227294067930938,1.254713595109328,2.414305025027714,27.308298648049846
2000-10-05,-12.727314287590312,2.61279726102561,3.6616094857960264,28.832282100742795
2000-10-06,-14.138663538712944,1.077300785623862,4.3336984725621654,26.742203881162798
2000-10-07,-15.50887936696675,2.581174305049576,4.82967909295829,25.26191378300341
2000-10-08,-16.692839585324453,5.307276592488368,4.741539193889188,24.704360802196614
2000-10-09,-15.877747424477665,5.872639810722053,3.921631018088673,23.36722160849355
2000-10-10,-15.28924716070756,7.246431739855357,4.803826598196,24.13978461123577
2000-10-11,-15.579549769639723,7.394073455388302,3.1625937612380057,24.909254011728965
2000-10-12,-14.480496358270718,8.342374181426768,1.310368219487149,25.457001019819977
2000-10-13,-15.739528077689444,8.835599492442483,1.6638518580838197,25.796736509212185
2000-10-14,-15.950769291029859,7.515058792499076,2.840415702599965,25.61150797075162
2000-10-15,-15.190889460179152,7.970011575187645,2.0278655113886503,26.560679114888398
2000-10-16,-16.155853994708103,7.161849074263966,1.8258478400046059,27.45330011243305
2000-10-17,-16.524373396758833,6.336491349614245,0.8170680839303581,28.107972427985562
2000-10-18,-15.322637990598903,4.90596092888258,2.7574935052446126,28.833148712223938
2000-10-19,-15.939421933898032,4.685861032686754,4.0477295095409325,27.31025712350939
2000-10-20,-13.856366678355492,5.020365551248621,3.614745946846705,27.29351626889627
2000-10-21,-13.873187927868202,4.940255113974639,1.3531697155106963,27.025614848780645
2000-10-22,-15.952939204920892,5.4377175132981375,1.073680156163765,27.964623729378967
2000-10-23,-17.674716239184225,5.122260743701441,0.5379697389202213,26.412085182935844
2000-10-24,-18.873057378316343,5.7296292324973095,-1.5979444066590478,27.266046675661556
2000-10-25,-18.2793753857631,6.751053588486793,-1.8895849843707853,27.991957597846337
2000-10-26,-19.826064629427318,8.616479838831017,-2.659477393000894,27.130731579809055
2000-10-27,-18.109071806903135,8.55852850980341,-3.2155100652304625,29.74829267734962
2000-10-28,-16.889581388997357,8.282639542541357,-1.7609749520083275,28.922772583901818
2000-10-29,-19.54762973350606,9.819186259220704,-2.9952911883209357,28.1283627396297
2000-10-30,-19.132009747838474,10.581461133403428,-3.8736142126943256,28.08308608474247
2000-10-31,-19.991114683443655,9.516934036889609,-3.377732617724574,26.41525114106421
2000-11-01,-20.102442575866906,8.62335660610793,-3.543631279096716,26.371469381866028
2000-11-02,-19.661455560465644,8.854920034591567,-2.075232106017337,27.00406057655885
2000-11-03,-20.607578606115325,10.321781170645522,-1.0092672602535773,26.523511481299757
2000-11-04,-20.363248761713898,10.039938788247142,-0.6793332612588081,27.147322117115152
2000-11-05,-20.798320375876376,9.01868789850598,0.6171323157923991,27.409605670472846
2000-11-06,-19.988430649582284,9.416990259558089,2.211810473537354,27.957645540112487
2000-11-07,-20.364256737694713,8.942086621013948,2.8782025024784113,27.8059480898317
2000-11-08,-20.02573813632342,6.778742770419058,2.5197634413564853,27.233472451603138
2000-11-09,-19.990655985890612,7.223753214096361,2.91164204549884,27.099392908134703
2000-11-10,-19.502310499647205,8.736380130009229,2.52362708294181,25.93887612328827
2000-11-11,-18.920967663587025,9.964744546260535,2.6511289251273147,24.60540850875391
2000-11-12,-18.716826815011498,8.681120164541861,2.7814931883794434,24.00077652694797
2000-11-13,-19.448019500540216,8.327528938417077,3.354868381473721,24.845146105410738
2000-11-14,-20.007296722169446,6.979805644286233,5.210956136051093,23.440134151061567
2000-11-15,-20.938401700897543,7.348097126966118,3.7328875545396154,24.771489958301448
2000-11-16,-21.843967304481513,6.720478977787704,3.949663570936181,24.493878211789536
2000-11-17,-20.875238937480074,5.596229553469283,5.059102337349884,25.63211360429174
2000-11-18,-20.14490726827771,7.561447054941262,5.1751667075978744,25.88818513252195
2000-11-19,-20.607150060348435,7.30673290137383,5.623821531209215,25.298654002828485
2000-11-20,-20.204286908167678,8.406790722062006,6.168665667236337,24.04916159091993
2000-11-21,-20.51129924570018,9.513517722022055,6.560318585293072,23.204510733784584
2000-11-22,-19.463730067652936,8.945070680881454,6.442740361778029,23.787685319769146
2000-11-23,-18.935986101058692,8.088253031416613,6.99384427910149,24.19612703981217
2000-11-24,-18.526857147532905,8.815171474462776,7.738482777925038,24.759459108557095
2000-11-25,-20.08372702681089,8.854523342734518,6.540109066127844,24.714039046614108
2000-11-26,-18.81727139314408,8.46246094957787,3.241565756599681,23.803329938447114
2000-11-27,-18.97318577920303,7.504492258021094,3.1709987743337704,23.94570539823563
2000-11-28,-20.844229521398486,8.791960593476254,3.878642971812506,24.987318094486284
2000-11-29,-21.00072653500073,9.844687987085663,3.4564127516540344,24.522335589428785
2000-11-30,-21.541360340577747,10.198608892040218,2.7345964243247316,23.980743361903727
2000-12-01,-21.200578461031824,10.176648333542502,2.913926548182151,25.257724565499934
2000-12-02,-20.42318274652289,9.08298452699786,4.217573747444806,26.06741548583151
2000-12-03,-19.616648738535346,7.815226456960785,3.0364570944090765,26.496509817271722
2000-12-04,-20.123504612007952,7.651117508951363,5.380231902855513,27.863366493422337
2000-12-05,-20.708439723603075,7.955852552289004,4.146471774778492,27.728391751812
2000-12-06,-20.45843860249716,8.414208688726667,4.385870368297452,28.25467171958912
2000-12-07,-19.816700004090865,8.281214272269363,5.393825901257724,27.93778753793023
2000-12-08,-21.91410266220018,9.757221456340748,4.377589338525541,29.097739204325475
2000-12-09,-21.242625581415002,9.783543001964091,5.251998370874109,27.937080707252335
2000-12-10,-22.504783442497324,9.077863587964831,5.594383108262874,26.938364492848603
2000-12-11,-21.31522128414047,8.656055112654077,6.271633219475305,25.337224719150836
2000-12-12,-21.490398843567668,6.725167895922119,6.091183445846869,25.79733452556096
2000-12-13,-22.001856985477826,5.8385368268244635,6.653225695976924,27.212052450063005
2000-12-14,-22.39820265305613,3.5642430463929293,6.428372274776051,27.039388507520062
2000-12-15,-23.46899054648264,3.405331934647761,4.8313787993892845,26.09362659529855
2000-12-16,-23.196173303815343,3.4967836737759033,4.732501496315876,25.70715589748691
2000-12-17,-25.182574948543436,4.966130582259465,4.166923432702528,25.71343563015997
2000-12-18,-24.39590119725881,4.237404759725292,3.334876067140912,25.466747059472326
2000-12-19,-25.462178237870983,6.185945487761398,3.32453766823722,24.861790748574133
2000-12-20,-23.980832882874797,5.075494877282932,5.427836503081643,25.941739711651397
2000-12-21,-25.099281446194137,5.6727726819695485,5.209376121420351,28.133830435720053
2000-12-22,-24.864670995684165,6.308420527286857,4.336772193097233,28.516135741005574
2000-12-23,-23.481415852828764,8.202615937839994,4.480573987471742,27.671813832293175
2000-12-24,-23.21406323939439,9.408478559811249,4.969736922190693,26.370144120556446
2000-12-25,-22.936720736842396,9.89395161264391,4.712939629773547,25.572226547443513
2000-12-26,-22.344025759346838,9.233720340927785,4.030986467260437,25.513039935146786
2000-12-27,-21.911765807345382,9.449223264744997,3.0791594401782643,25.424768338858765
2000-12-28,-23.25943420039928,9.892882776822285,2.5532475105910195,27.630454007073936
2000-12-29,-23.32634815007549,11.310574023531087,3.059079964116009,27.820434301293208
2000-12-30,-23.035961746590075,11.921122055621808,3.8707298890670865,28.647554217581852
2000-12-31,-23.55310337072796,12.337655136440818,4.513579493356721,27.523831566945322
2001-01-01,-21.408122867280884,12.59248417093072,2.5483853920038486,27.156541260143644
2001-01-02,-21.61873761392268,13.013873640787605,0.47069068774209466,28.068474569097425
2001-01-03,-21.105366499102168,13.470490170451663,-1.4756873761752156,27.87823806875021
2001-01-04,-21.032947452103144,13.432050143655289,-1.4722904509706554,26.713475297515256
2001-01-05,-21.047032481973194,13.220578481938821,-1.5735881979972797,25.85523087336895
2001-01-06,-21.15641657469511,12.563056181284036,-1.2624454462324521,25.04184540018942
2001-01-07,-22.251207801517044,13.764512312611641,1.4175746374904203,26.05353537420368
2001-01-08,-23.394049305307878,13.073720879540751,1.1091589562827386,26.6157203902394
2001-01-09,-22.918536594520628,13.11779901368637,0.811011160470054,25.650921138371217
2001-01-10,-22.533131677252527,12.139674341899898,2.680254082294741,25.99944396497251
2001-01-11,-22.261660263917022,10.529231795632253,4.239323952965609,26.352319233776612
2001-01-12,-24.230130091936793,10.50853941297818,4.852435885604555,24.331093731635313
2001-01-13,-24.157284279757288,8.74365531724279,5.668894228551228,25.835367913614068
2001-01-14,-24.5652341034219,8.417220383665,4.945874929596798,27.584884086421052
2001-01-15,-22.862070890221442,8.392586737853552,3.628511932081391,27.925419432448173
2001-01-16,-22.32813901946051,7.064098204637673,5.180751127742871,29.43410100925061
2001-01-17,-21.982738947499318,8.129551116796708,4.53701312874004,28.43433141428547
2001-01-18,-21.690389258295205,8.424433644213051,5.900580403047412,30.840842020264358
2001-01-19,-21.16527888426213,8.322927477309962,7.5789863586776764,30.77988690256264
2001-01-20,-22.713149617489634,9.803448034130795,8.286490101339385,31.507534911948376
2001-01-21,-22.79463841226496,9.499530937903812,7.479756360422813,30.892266712188672
2001-01-22,-24.103325038747897,10.138172360850069,6.865213132077919,31.791855013856413
2001-01-23,-23.100161189552278,8.666374684890215,4.705149069606126,31.645083320824227
2001-01-24,-22.68225939913978,7.865834524186799,3.1027825327699894,31.748089751167555
2001-01-25,-22.475938373791926,8.72049504805377,1.4580180622581413,31.634602953083316
2001-01-26,-23.147157894647798,9.404804022271692,1.9046258104003193,31.700137483686657
2001-01-27,-22.599112737698864,9.625218502014818,4.352838121314198,32.752381143729345
2001-01-28,-24.16404807569996,8.061443368281768,4.571117681238403,32.28151312156981
2001-01-29,-24.901308979474948,8.722136251848923,5.3792439006359185,33.01711470574662
2001-01-30,-23.596919276035237,7.350787325235788,5.589591444735233,34.37245364946973
2001-01-31,-22.40869026411605,7.884378474679932,3.516057965399936,34.146471964696325
2001-02-01,-22.95278280264169,8.993767303080816,4.094724085068986,35.95593012761283
2001-02-02,-23.711472590043826,9.104985911954344,3.740407395659495,37.89740396938308
2001-02-03,-21.97112954167235,8.874331654513078,3.0781206822526985,36.904086397530996
2001-02-04,-22.701801452537847,8.215546242256465,1.0989687841956666,35.7192822631247
2001-02-05,-22.35803189199964,7.8233578117533,0.047653860840864315,35.9735227700088
2001-02-06,-19.48728880349004,8.542040236531715,-1.5546821394789547,36.09396174747263
2001-02-07,-21.05265823072162,7.799969393013529,-2.6142283313730434,35.300412381899605
2001-02-08,-21.38177433956747,6.528586427872533,-2.3537007416672213,35.33173830310442
2001-02-09,-20.894438640648996,6.032642643006696,-3.3557169418349586,36.018168334283516
2001-02-10,-20.72292672425724,5.532632704587832,-4.109967809086365,35.231717602375674
2001-02-11,-21.85215837750015,5.897807474467804,-3.510541751518593,34.22671833421692
2001-02-12,-21.8682827299007,7.208941103553958,-2.854983435632985,33.1818321994082
2001-02-13,-22.650570938131604,9.081827805312258,-3.729980982006494,34.1998320111885
2001-02-14,-23.55014092933641,9.413674067808333,-3.1331085696865517,33.31857772019433
2001-02-15,-23.512851109479183,9.497602433728447,-3.567146627317104,32.71193041762204
2001-02-16,-20.860020779636073,9.185475676837319,-3.763823315229449,33.40423312432185
2001-02-17,-20.29780497884959,9.966054650229157,-3.938127074698272,33.465342254438724
2001-02-18,-20.56743444016616,9.843950486306825,-3.549047895055833,32.58416890917641
2001-02-19,-20.558424999724945,10.526545541296095,-3.508972976341905,33.371694672213614
2001-02-20,-21.535993239646476,10.054910832873404,-2.6412102204051053,32.16898013671513
2001-02-21,-22.44820573892859,8.913779012738454,-1.4848589501496454,33.36586266921366
2001-02-22,-23.403818518257893,8.4815299207404,-1.880823690352341,32.278332580367234
2001-02-23,-22.400671042095727,7.575107181436809,-1.7988766520185793,32.43057370824376
2001-02-24,-22.349740140177328,6.675910824771554,-1.5358655594088084,31.97044264031913
2001-02-25,-22.488852627019952,6.817499172606787,0.8933792989546752,31.872588242292316
2001-02-26,-23.635459765908777,6.651185095316168,1.5920340575167384,32.6723487942893
2001-02-27,-23.823175817681747,4.996736943308243,1.2715422892634873,32.80413707013002
2001-02-28,-24.113522341020797,6.4332517164875895,0.11288596782527072,31.90863079121982
2001-03-01,-24.11921960831925,8.68032269984527,-0.18607636308876052,32.5361365360393
2001-03-02,-24.23385120759585,10.151099018025706,-0.3392104628277264,31.15058742734838
2001-03-03,-24.27709261155352,9.446066253356399,-2.1571272935194243,32.33612443758585
2001-03-04,-25.380501289461034,10.39939936981992,-2.1419009244543488,32.56986378218422
2001-03-05,-24.660085100896364,10.35005470248179,-2.2864270635713564,31.804784102790475
2001-03-06,-24.571277677035336,11.362678347026701,-3.8105065266563956,32.24462757043204
2001-03-07,-24.981504670231093,10.189737951173603,-3.40820347748107,31.897348053361345
2001-03-08,-25.295470545852837,8.884358172247612,-2.987049441273312,31.432569885483524
2001-03-09,-24.450908631319287,9.574978532592175,-2.2288857412546843,31.468999343970705
2001-03-10,-24.215120640497425,8.305197834751024,-2.673376087077787,30.9836795978761
2001-03-11,-24.519718071298268,8.820990586649156,-1.6635783125507604,31.35444073704771
2001-03-12,-23.24128465776871,8.581082474014199,-2.0035400236488874,30.96830824447934
2001-03-13,-23.394901891192337,8.304243485364884,-2.446162205739702,31.684989501583345
2001-03-14,-21.753174788245268,7.48572766175559,-1.673068604028635,30.573560210203137
2001-03-15,-20.489794170216918,7.299657505557984,-1.8672504346671261,32.328523628337166
2001-03-16,-21.031861814012267,6.821277817075963,0.4574950040726442,33.301528385896
2001-03-17,-21.14827401153885,7.353019815895656,0.48195076598402903,33.32361954631766
2001-03-18,-21.735166761784093,7.542726610093915,0.11566856028833516,33.55749686920864
2001-03-19,-21.10619232268924,6.41968033133795,-0.11277411319269184,32.7570210859046
2001-03-20,-20.157059070019095,6.256163857193224,0.30139329695709727,33.38056041052827
2001-03-21,-21.766878511811054,6.007413010130403,0.17193143783874762,32.53759349618863
2001-03-22,-22.485978189312203,6.180057082715947,0.6375177863496057,33.246155574709206
2001-03-23,-20.70701004190742,6.892229440597996,1.079753250239,33.54623099744064
2001-03-24,-21.12758913334751,7.545288076451607,0.21805733326498689,34.123738738489486
2001-03-25,-21.055101498112787,8.395822216003173,-0.7382463544036673,33.858125045452596
2001-03-26,-18.992407274032722,10.819002960073444,1.236722334108663,34.17272273671626
2001-03-27,-17.846575205534734,10.85658725521545,0.5191666259297834,33.37984843327642
2001-03-28,-16.46049231142672,10.58974330915055,-0.4483286183581924,33.02603305183688
2001-03-29,-17.81087077236159,10.972111111777085,0.42018186096828836,34.581486257373065
2001-03-30,-17.879569528451942,10.27241215427604,1.288553570538212,35.14403952375118
2001-03-31,-17.23346670556991,9.569110729201235,-1.516986488007229,36.19361814136361
2001-04-01,-16.507051527886784,9.48722620650121,-1.0852338099857999,34.21584657715694
2001-04-02,-17.48798224005185,12.426084148494855,-0.485377337086917,34.76907556040662
2001-04-03,-15.66775389426109,12.08452532942693,0.7409782975493597,35.83069606483321
2001-04-04,-16.432313614048464,11.936799850970122,0.37027558892528767,36.648978704995855
2001-04-05,-17.272324495056093,12.774260303352214,0.4273342592444734,35.82729209104558
2001-04-06,-18.248900582299207,13.197825031260873,0.4550514468699639,35.02935834235281
2001-04-07,-17.17736681491394,14.121410144552703,1.4352502057618488,33.58178241915451
2001-04-08,-16.2764477038674,14.69130169483629,1.4894119012547344,32.514765037589214
2001-04-09,-17.823229196375113,14.50698495535748,2.0474967730180462,31.444586485280762
2001-04-10,-16.132210834458753,13.862668526482807,2.6078737542550683,31.428619996524237
2001-04-11,-14.324147072510806,13.294092998870191,1.9142796731649827,32.140438851069206
2001-04-12,-14.38272909784901,14.161586214504327,3.9395477260057215,33.64925775738294
2001-04-13,-13.648565122949337,14.001949806904518,3.8421180054169417,35.61697818770995
2001-04-14,-14.586474680975499,15.30242489756343,3.649355305340822,35.480052057804954
2001-04-15,-13.306003854797751,14.063399639406905,3.8653577069144003,34.718078222737375
2001-04-16,-12.427806791389116,14.055976398829428,4.333439341114039,32.945840734089664
2001-04-17,-12.438486347609661,12.84773446631139,4.065644263736872,33.05500243862639
2001-04-18,-12.538870131026263,13.82303645062666,4.265865544945942,34.32178239324274
2001-04-19,-13.131493811829452,11.718525359518651,3.3757405952167,33.09020686975437
2001-04-20,-12.066585451438446,13.301197291390453,2.0799031738578733,34.26401066577815
2001-04-21,-12.386686362301463,12.527901546249995,1.1059364546432269,34.59735312326991
2001-04-22,-11.52438606993372,12.483687278758497,0.13325799852642128,35.238134539794565
2001-04-23,-12.155727841204811,12.163724398904375,0.15550218464860519,36.104816642226766
2001-04-24,-10.429182295379873,14.101204291813742,-0.6002793468237868,35.72385411143774
2001-04-25,-9.920043981323756,15.487383325106299,1.6044478274887,34.23341536973259
2001-04-26,-10.164078463353587,14.10259747404087,2.9938684654147756,34.12428155930893
2001-04-27,-11.58244158170055,15.042023237970039,2.927146186396117,33.977381121862805
2001-04-28,-10.876466107447884,16.144438151401474,2.289358471614383,34.17610213810077
2001-04-29,-10.767279503250068,17.62542227304801,2.478103337560289,36.07077903691769
2001-04-30,-12.000504940461203,16.992211630907434,1.5540731108255186,37.61865726755482
2001-05-01,-11.175259266492303,18.40247209601925,1.6349289691297555,38.08386677191401
2001-05-02,-10.704925991917492,16.464003106561922,1.8508311034016292,37.69009432383713
2001-05-03,-12.410484042949182,15.989739182831698,2.093752859500781,39.070179968216955
2001-05-04,-13.781523413127855,13.705010647884617,2.303774414208643,40.272571711360904
2001-05-05,-13.482732794980087,14.392180870693473,2.3111749805480857,39.51024251478996
2001-05-06,-12.840050364456316,14.435094942454928,2.196248426809364,39.426826622888264
2001-05-07,-12.0988047615825,14.279171315890547,3.8069625671340503,38.37172355753942
2001-05-08,-14.163530399424173,15.223441856881259,2.00821491905815,38.203610918684646
2001-05-09,-12.894555425266452,15.336725110213123,2.476351058787919,36.10562468538124
2001-05-10,-13.585619540429645,15.375961728637588,2.019626957961798,37.64645870421832
2001-05-11,-11.82027715774123,14.195334148562923,1.299073449125097,36.444798904159015
2001-05-12,-10.782568821865675,13.320434540151993,1.2148019708003344,37.50513081562845
2001-05-13,-11.261248670602669,13.00051336830816,1.3113245096010488,39.63549263992497
2001-05-14,-12.604318879076018,12.254189847871116,0.9657252804743507,39.6126424445933
2001-05-15,-12.870894275287435,12.33730874774773,0.7338262432192881,39.68872067556006
2001-05-16,-12.083728253807234,13.120609900326988,0.591169499362501,36.653431238393416
2001-05-17,-14.80872860782771,12.458461893002651,0.12407535327207458,38.526527614186314
2001-05-18,-16.886450385030628,13.719363465864681,0.47948447997070526,39.39789086778981
2001-05-19,-16.92144510140247,14.986456492394362,-0.6716722352369024,40.26114510160485
2001-05-20,-15.821836608858263,14.951535005990804,-0.8581746745909142,41.36776507416708
2001-05-21,-16.485755236066783,16.355773679292202,-1.374562878310131,40.25439978831082
2001-05-22,-17.921453426916095,16.008133068298218,-1.5688672469623597,39.319022671681445
2001-05-23,-17.30197595956537,15.873868886384669,-0.9757331685076391,37.901884316259085
2001-05-24,-15.723552234839946,15.755994832397086,-1.3493420813249024,38.17327746213127
2001-05-25,-16.443356264921384,15.582991406399318,-3.4392480089943094,38.00099736772641
2001-05-26,-16.117711476809315,15.201615739325758,-3.6690052624688954,39.20995802429212
2001-05-27,-17.401785743496642,14.835960509792711,-2.171843427266913,40.686585116132186
2001-05-28,-17.675724982237703,15.002993278827738,-3.274487312035073,39.76622411642728
2001-05-29,-17.84004636899152,14.077728609559863,-3.4359692457366076,41.3084096058814
2001-05-30,-19.21357586181333,14.013299407933014,-2.427251276744175,41.853696175772036
2001-05-31,-19.002708321627242,13.050008659808354,-2.2782486363922607,41.72590799751825
2001-06-01,-17.918411541548807,14.661615689466544,-1.669430628048164,41.286016939609794
2001-06-02,-18.186162835554793,14.847656215825879,-1.3985970426620573,41.21679576800539
2001-06-03,-18.388330769418847,15.245422154774024,-2.350994684256251,42.679003935643735
2001-06-04,-18.94759277362956,14.918097874759166,-1.1392822067997956,42.52102147193378
2001-06-05,-19.922814527025412,14.114882985663291,-1.7482668685772043,41.189260663930135
2001-06-06,-19.68831022445423,15.719081730612107,-3.1307529159582668,42.63546939109052
2001-06-07,-20.486748147110532,15.788391709723546,-4.871080025491594,42.85294708537196
2001-06-08,-22.0254790200966,15.848020386593193,-4.333044145741287,43.35511892495902
2001-06-09,-21.297162114126156,15.71948632731609,-4.006288271246372,43.98152150853846
2001-06-10,-22.730623962079104,15.189672739312233,-3.199936959595897,43.171801895313415
2001-06-11,-23.631666778821813,15.582262421052032,-4.014933173323061,43.957582338569615
2001-06-12,-23.256979851807188,17.186834059958468,-3.9347601861981905,45.14418777626231
2001-06-13,-25.55062959384933,17.33061534929963,-3.648061743539364,44.61380330109575
2001-06-14,-24.727949384939688,18.513845070928106,-2.032145909900184,44.44199122767882
2001-06-15,-26.381364972422016,18.342757464606017,-1.2287269377642067,45.53836941185545
2001-06-16,-26.17284360108245,19.10415168973567,0.37377963423904403,43.89220763791294
2001-06-17,-23.96057219230364,19.83522195420358,1.7292874399435136,44.13660115148246
2001-06-18,-23.83820714884363,17.24727318980412,1.9677138288637162,44.25563043944264
2001-06-19,-23.583703749406897,16.407553431805216,1.9196715017921526,44.308795819579814
2001-06-20,-23.027813754991264,16.966401194050672,1.7677334737201325,45.311508841509124
2001-06-21,-23.692465691760827,17.77016017092542,2.0969823942019343,44.531994038435435
2001-06-22,-23.77399845344593,17.12690569127387,0.7048533638726657,44.782347922832386
2001-06-23,-24.124071450543358,16.178594029544385,1.7794569259115856,44.71736018671066
2001-06-24,-24.183602121947818,15.612700408139755,1.7342846743058704,44.26564521911237
2001-06-25,-23.40377621379682,15.889407851582463,2.670981206549259,43.10354777344442
2001-06-26,-22.546265656797356,17.23427620101504,3.3391575362662707,42.39814109810993
2001-06-27,-21.982896457177187,17.684558836367955,4.548046660002634,43.172821697756504
2001-06-28,-21.342169228469245,16.99779343557867,3.2596710538568603,41.8488047594028
2001-06-29,-21.21549416964036,18.04049523829593,2.470710655010472,40.82910142739157
2001-06-30,-21.463978340037134,16.928461894789017,1.473670252061087,41.308026056613215
2001-07-01,-22.910287871507794,17.957219733112666,0.7545637625489576,41.962778885858064
2001-07-02,-22.30983061778315,18.38698749645111,2.336594318066748,41.78988346010422
2001-07-03,-21.17309087507861,17.403121147132932,2.505898133796544,41.672584231333474
2001-07-04,-21.78988116164127,16.235124963177597,2.8467742735574397,42.777324777404864
2001-07-05,-23.26138861151781,15.701572740163861,3.7555416720458124,42.68728774316012
2001-07-06,-23.1454017512299,14.42828451456631,3.212587072154046,44.104497914457404
2001-07-07,-22.559029659673904,11.677330253717322,2.9393395029957587,46.67819216101282
2001-07-08,-23.1192812038641,13.315984846752134,2.981375799572849,45.57898709126971
2001-07-09,-22.44603905061989,13.199619980439708,2.7172986869201754,47.940064189936955
2001-07-10,-23.52464437971394,12.230220496834802,3.1481788559625374,48.23787609445081
2001-07-11,-22.80658877829949,12.555672441702175,4.104749159022825,46.42253241013982
2001-07-12,-22.35299237242867,11.78109346623105,3.0325735016929087,45.73536427705152
2001-07-13,-24.71937134921184,9.628892661723356,2.900160841234844,47.38097177548958
2001-07-14,-25.26914927669107,7.99545562934208,2.394890522623422,47.638243858265945
2001-07-15,-25.776600867371428,7.905639464841612,3.237972971653748,47.74775556333377
2001-07-16,-26.181706157654354,6.986757782113509,4.925255193312931,49.44332367009987
2001-07-17,-26.304407826129175,6.113126583013531,6.151544147351695,49.58321968746402
2001-07-18,-26.928258036185735,4.321124467529845,5.286298333094653,51.33777054780567
2001-07-19,-26.585153148348354,5.617956156452825,7.056622430803458,49.718165992984986
2001-07-20,-26.681542584116897,7.1409031944112895,7.4013306059022,49.811193079411915
2001-07-21,-28.307620539927264,6.054084488908469,7.3438208008034405,50.14892768973521
2001-07-22,-27.958867531872677,6.327099927543703,6.687056884125892,47.820111164131916
2001-07-23,-28.985535454505335,4.68786517370688,8.410283218566457,48.785621840332084
2001-07-24,-29.473626105905048,4.008832822674816,7.287932847852584,49.22772170823315
2001-07-25,-30.101009244596085,4.997454784181618,7.915730398536863,49.52375869792435
2001-07-26,-30.283355401446947,5.973066619856065,7.252904650244279,48.52374043692012
2001-07-27,-28.804804014003565,5.4327703787696295,7.196947785695082,51.1408342544401
2001-07-28,-30.581349743891856,4.977767289075053,7.06846866699417,51.32950665246869
2001-07-29,-30.468165711219036,7.313922620980167,7.337167523917839,50.82413249623066
2001-07-30,-29.572204020095086,6.610767675263398,5.469964070807201,52.66595629785526
2001-07-31,-28.44504736279095,5.184728764701051,4.964865722953262,52.043186563512876
2001-08-01,-28.486626473176113,6.412805379968104,3.8265395871565553,51.15968919511521
2001-08-02,-28.767942172739264,7.674098915355554,4.527046324783333,51.165414760379
2001-08-03,-29.772226922281774,6.912615147326827,4.3513596312013,50.541013000350546
2001-08-04,-31.900312754260455,5.941156294093437,5.083977829863197,49.522785879520505
2001-08-05,-32.98742771668552,6.763470320192308,6.869279369989141,48.477220257830034
2001-08-06,-33.80313902751037,5.640309225717875,6.641258148346644,47.808212609893026
2001-08-07,-33.19580725956497,4.343298654560473,6.189156824775049,48.64809828046411
2001-08-08,-33.10000605600254,5.065044565779972,5.743329946872508,49.9637976935365
2001-08-09,-32.754391538082906,5.78576827749196,7.07953981886886,47.87168249193214
2001-08-10,-32.16821593059966,4.731308968402442,6.548854842946607,46.28528604649865
2001-08-11,-31.82389273019252,4.573167980016488,6.746897768916016,46.51562688577599
2001-08-12,-29.607650261959233,4.607212704366079,6.720530749195519,46.58189987709812
2001-08-13,-28.352315674176072,5.331621154025926,8.019012436617519,47.7465206078173
2001-08-14,-27.664845558840966,4.102818715396871,7.486293844893773,48.29410702517184
2001-08-15,-28.45142440920438,2.7314627663379856,5.874548565805969,48.33695563463091
2001-08-16,-25.57993405144554,5.34717583928022,6.2744479665907305,46.449521320276496
2001-08-17,-26.37687203865082,5.019104452969191,6.876106251879902,46.80866361374872
2001-08-18,-24.78711848991607,5.426782403486941,6.825632390262706,46.629661567930086
2001-08-19,-24.812480891223956,5.264131634359357,6.47234840613897,46.461886975548914
2001-08-20,-25.40911760461188,6.470010183193185,5.757592108673327,46.692353400982405
2001-08-21,-25.607781200983805,8.111286724039262,5.596079389579098,46.455720719449296
2001-08-22,-24.28839566313671,7.6148795083196115,5.575363876012983,47.29102053821473
2001-08-23,-24.086817523628884,8.141477432073767,5.273438623201368,47.04576812174722
2001-08-24,-23.71109086914937,8.327283298884531,5.0567307619387165,48.252778026155724
2001-08-25,-24.05020663902214,7.807466617811608,5.296171460220992,49.91574822955703
2001-08-26,-23.74477687117529,6.815268716607512,6.277910587239443,50.52222451466668
2001-08-27,-24.805888352904613,5.507453944566841,5.918612474976596,49.29548843877777
2001-08-28,-24.48027383203944,5.722573775667411,5.071310369367523,47.34125359838164
2001-08-29,-23.759438828753975,6.594413972992091,5.230479936487951,48.43587392249411
2001-08-30,-23.5211529736826,5.892997693331825,5.191621348871777,47.2699018514522
2001-08-31,-22.822467533394494,5.226835958783604,5.988314815322035,47.72859527582855
2001-09-01,-23.071082417530818,5.901899138849458,5.65434833553328,47.178969521724866
2001-09-02,-23.790263581736603,6.105335881467817,6.585799457209354,45.19571123670069
2001-09-03,-23.583380918272212,6.235153138196952,5.245806099943476,44.72640011171552
2001-09-04,-21.950253006505843,7.597461567867633,5.508503393068817,46.58594143597866
2001-09-05,-22.625671106589607,7.774366627561914,3.031520157119359,45.51795234535197
2001-09-06,-21.816446155724865,7.083745113720544,1.1315002256679043,46.09198537966844
2001-09-07,-22.514828182310747,7.014582641922691,0.2664392247101621,45.62108617144895
2001-09-08,-22.813606221391645,5.983376128888466,0.40472753895135805,45.889968451199195
2001-09-09,-24.063827746842165,4.42509688631164,1.067461099030829,44.07965485827137
2001-09-10,-24.23301940017753,3.6579468152759276,-0.6054522337970119,43.39251071927083
2001-09-11,-24.13449147289993,2.7641282129665465,1.1334756564512563,44.3401510347642
2001-09-12,-22.400182292416897,2.7414859170499826,2.2569541506274193,46.47831793750597
2001-09-13,-21.991554553281716,3.3966255940505983,2.3875545195441243,47.21357302621541
2001-09-14,-22.67134543058983,4.827721491196304,2.268731457890664,47.03580318417393
2001-09-15,-23.425504359540824,4.42001783006504,1.6424235959640567,47.03149530309204
2001-09-16,-24.417555859515215,3.0073329455470965,0.9059416412156511,47.874132756037504
2001-09-17,-24.611487185266878,2.6665821346372884,-1.6128257766307526,48.81942225148743
2001-09-18,-22.744069381338882,3.133947088612966,-1.6055171148556675,48.73466178989676
2001-09-19,-23.520138391197097,4.783155590017762,-1.2847807749017153,49.00735490373899
2001-09-20,-24.2119256753343,4.139530446070438,-1.4175464801076738,49.141201319527326
2001-09-21,-24.862715793525897,3.4829057180392806,-1.5646813935937498,48.08768207967249
2001-09-22,-24.413164256846766,3.227200871761093,-2.7233081160780284,49.140692626402235
2001-09-23,-24.69607196181559,3.0783368544112966,-3.4316080474996213,50.371220225452696
2001-09-24,-23.63656010395241,2.9952309743174506,-3.5846796279412816,51.149519390835394
2001-09-25,-24.44799051042082,4.231018902139745,-6.22910330912789,52.840214955372254
2001-09-26,-23.351064553245756,3.589352142520191,-7.272285902349356,54.069469175648045
2001-09-27,-22.15485672205544,2.453416025707428,-7.71111865614319,54.656467070077845
2001-09-28,-21.206135420726074,1.985694531902487,-7.076617564991239,53.74553978991427
2001-09-29,-21.83172982027896,2.564856886833759,-7.223231427183737,54.58081727915984
2001-09-30,-23.05642675306179,2.8761135029562053,-7.341938689220058,54.34501011294047
2001-10-01,-21.441794651984516,5.052299447520197,-7.783331753533725,53.75983372529515
2001-10-02,-21.363195210658887,4.966216455592408,-7.2412013705223535,54.63480568519034
2001-10-03,-20.236715661291548,5.5616824726266225,-7.720449738570901,54.76687509264274
2001-10-04,-18.155112704009664,7.520173485074954,-8.074090400013592,55.64173164705804
2001-10-05,-18.56312230108677,8.319837881027226,-8.523178946044666,56.63815829170887
2001-10-06,-18.95932477149602,7.48799663414345,-9.17593134696261,55.932844910024656
2001-10-07,-20.024031390221094,7.779140489524217,-9.720286313558177,55.36678552897271
2001-10-08,-19.081251472212912,9.601555114004013,-10.317243072332065,54.69184050457002
2001-10-09,-17.75113112648039,11.885757594966307,-8.347311467840031,53.71486533117602
2001-10-10,-18.204341631946615,12.37403275879651,-8.232176973001936,53.173449100423014
2001-10-11,-17.683689603364105,13.006816545731455,-8.948240859737561,53.124824329489776
2001-10-12,-19.0231612743107,15.201445144448385,-7.768379581160772,53.9969357649625
2001-10-13,-18.905443119045877,13.940926133644792,-6.973815142435431,54.48642972905976
2001-10-14,-18.245900807128795,15.906517122188589,-6.9217646424477275,55.51842975200851
2001-10-15,-18.430791036146392,14.454524722379656,-8.373529678535515,55.48843311871782
2001-10-16,-20.038487446364947,16.563547010878118,-6.760404787997002,54.97936591485328
2001-10-17,-19.4082730353695,16.165168169305712,-5.8472183919558365,55.46544639848794
2001-10-18,-19.03832304622326,15.857857552419587,-5.248471044896739,54.28838794583562
2001-10-19,-20.159630199916318,14.575787067185576,-6.719498014764479,53.70332132586679
2001-10-20,-22.47486177671188,16.475000986513074,-8.1467550003509,53.46214066023089
2001-10-21,-23.332561356842465,15.112994158067126,-8.783258556855673,51.44472500150206
2001-10-22,-24.300609498411596,14.1895114474924,-9.598683988763353,52.02514556558274
2001-10-23,-23.379954328993634,14.978315259371342,-8.877128854191474,51.42445163662574
2001-10-24,-22.06623954790473,16.42145114089256,-8.70586138980726,51.55635891874083
2001-10-25,-23.061208457862676,18.47309925440779,-7.791535026955057,52.44453776898896
2001-10-26,-24.090519751490394,17.36766879367491,-6.068960970126001,52.95061208525684
2001-10-27,-24.946070880237222,17.534680215826423,-6.56765832521582,52.46145891506872
2001-10-28,-25.92613362094747,15.558649955796588,-5.087718581670887,52.97707876963765
2001-10-29,-23.860060804778023,15.87923859134422,-5.026916548897978,52.41431194346319
2001-10-30,-23.5949863378311,15.87567091684126,-4.133098866172496,53.1279056457529
2001-10-31,-23.657703710702,15.658866773004949,-4.946695737051397,52.9839312681866
2001-11-01,-23.51705872868257,16.310930432291528,-5.415972455932578,52.17458269969769
2001-11-02,-24.70945048470481,15.444220491085062,-5.3548685163747685,50.9159174312508
2001-11-03,-23.312292811761523,15.316228778510208,-6.801152137154208,50.24802807741413
2001-11-04,-25.204421603688253,15.706442618123218,-7.647774756431537,50.164585010609414
2001-11-05,-27.47369323119943,15.31079743515706,-7.786678373524733,49.69013192389769
2001-11-06,-26.59396119874298,16.37258939534619,-5.854621160742157,49.38530631158097
2001-11-07,-26.25873638723461,16.416220866725272,-4.64764269686534,50.53804361300244
2001-11-08,-25.48508350122955,16.67242697526695,-6.379242754557396,50.31280297230708
2001-11-09,-25.507690423615546,13.822193557799213,-7.196865614221457,50.11179163484129
2001-11-10,-24.946602381211044,13.165739049970128,-5.587003211159356,49.8746348576495
2001-11-11,-24.694953854223073,12.454344370951446,-3.824048056717862,51.073560450617364
2001-11-12,-24.02553696276377,12.77620802800509,-3.998849869173885,49.52793585552383
2001-11-13,-24.576666635537407,12.841621244369382,-4.9690072109767955,49.30555121280202
2001-11-14,-25.420986214901905,12.831376289906501,-5.308720293432525,49.96518434584223
2001-11-15,-24.345898694283562,12.916672080143876,-3.4167343186901338,50.75049013409057
2001-11-16,-25.261749520978775,14.116204298057188,-3.3996372257822034,51.453678693261274
2001-11-17,-24.46204782401881,13.009060787125414,-2.310584089151069,50.63019128765555
2001-11-18,-24.794306577294382,12.444666011187888,-1.8571439739674331,51.32137572849459
2001-11-19,-24.778932694942636,13.160447203711035,-0.9815864898152032,50.17668058588287
2001-11-20,-24.274999078247674,13.415367945115644,-1.5535784157623633,50.703779053097875
2001-11-21,-24.889850785730975,14.77762988613082,-1.7540217765980461,49.95382541451224
2001-11-22,-25.40243987871298,14.261633029652247,-1.9218241252306434,50.723065241565976
2001-11-23,-25.419461962399645,15.379879893110207,-1.1252653121340852,49.517626529156736
2001-11-24,-24.692851026743753,16.515711744098073,-1.7227708397176635,50.139637390601905
2001-11-25,-24.644688176748407,16.11631338196854,-2.9520478489191944,50.178828180631434
2001-11-26,-25.214515731948424,17.608630649151234,-2.910815150835922,50.69231174269029
2001-11-27,-23.090594083492704,18.24068649012058,-1.673500012494437,52.27492831517986
2001-11-28,-21.12244451582675,18.509770956615572,-3.7759746916128547,53.88803285227394
2001-11-29,-21.177216777218725,17.7485576455626,-4.509168022555424,54.46391042317497
2001-11-30,-22.341450825486746,15.335692378050545,-5.144752902692761,52.95098558939307
2001-12-01,-22.625446690463104,15.491161074085182,-5.902472702977908,53.63384016686662
2001-12-02,-22.85569079943434,15.00902097039812,-4.319249301735221,53.973946820668914
2001-12-03,-21.312321599015526,16.1206104787889,-3.9011996238702666,54.88578681990387
2001-12-04,-21.126052317556695,15.751065124367013,-4.765583109970041,54.99281677504405
2001-12-05,-21.09003580566268,15.848464067022512,-3.15309377599578,55.10002056761705
2001-12-06,-20.260396919768073,16.469694111441417,-3.2189253592806004,56.42628240263345
2001-12-07,-18.795310187242855,15.637646527987421,-2.00629916683548,57.002021112859325
2001-12-08,-18.36499909790793,13.871492732744446,-1.2895318646680227,57.15911182144526
2001-12-09,-16.986982190556674,13.962758361268987,-2.239268872739649,57.364057939419055
2001-12-10,-17.336391160367775,13.21013784139846,-0.9894968707061089,58.42601284214765
2001-12-11,-17.603895226111437,13.62598282730184,-0.6092689646008964,58.604068798541384
2001-12-12,-17.27534596205347,12.708110342702879,0.5977654967704638,60.09754473360723
2001-12-13,-17.74134075878057,13.17404428392826,1.4563322355872268,61.030317825284875
2001-12-14,-17.866025565200356,13.51719059701205,1.6019915638128668,61.74209877948511
2001-12-15,-18.344207856921873,14.028450420996034,0.905282486733603,62.67396172976397
2001-12-16,-20.658384633707414,13.152631639925186,1.9179171207359214,60.89992106393343
2001-12-17,-20.07828779554715,14.00785395409678,0.7142055985671063,60.95101476135062
2001-12-18,-19.24193532376396,13.047093388670087,0.22001058285190422,60.99278039924259
2001-12-19,-19.96372848254206,14.518693373963979,1.242094296553466,60.43556989756856
2001-12-20,-18.474381244702073,14.184179304168222,1.7257428198680773,60.223516882704246
2001-12-21,-18.212047907603516,14.089728931126794,1.512699010924008,60.81295266433342
2001-12-22,-17.338311749639566,12.396455906098652,1.1226418165548826,60.32510108405195
2001-12-23,-17.262199093042096,11.905101535612854,1.3575240940964488,60.921498865254065
2001-12-24,-18.420377437081125,12.554309673987659,1.6825267582488754,62.242666216546496
2001-12-25,-18.836731184669713,13.770098320042614,2.447291511557194,61.83339541618813
2001-12-26,-19.45363805083821,13.62388175405934,1.4686716342428925,60.55886596791494
2001-12-27,-21.977139644809867,15.016817366782025,2.0845999103739805,61.148455310444746
2001-12-28,-21.4302435410528,15.68876018596043,2.9033541899411976,63.36907697097104
2001-12-29,-24.154750480178,16.33712536955157,1.5716409816464518,62.701630920379024
2001-12-30,-24.806662343287215,15.662053527504728,1.5028347738795242,64.97536524998445
2001-12-31,-25.584925646100608,15.084334378228704,2.161197893757878,64.69013180143072
2002-01-01,-25.16439425135104,14.145318884844759,1.3082503611727558,65.79358331194022
2002-01-02,-25.05222291881034,14.05899418057335,2.596741407402788,66.05988001794803
2002-01-03,-24.99219334643774,13.582678533067675,2.33870779776225,64.84523288581939
2002-01-04,-24.945120221021767,13.390990501957488,1.1119008893417863,64.57085154999616
2002-01-05,-24.69844924284378,13.812103471710257,0.9668432131068221,65.36678621521182
2002-01-06,-24.087576638553504,14.885548004028452,-1.229007042097072,66.33069057314079
2002-01-07,-24.462550729449266,14.789230470176603,-1.4309809762681438,67.68304830514377
2002-01-08,-24.273230518043224,16.06889013564075,-2.302413287249032,67.4443808333599
2002-01-09,-22.375939597505294,15.573247925885978,-2.4487032036383534,69.02089028511743
2002-01-10,-21.80377897446142,14.96531902258702,-3.7471268446380472,69.80222133958787
2002-01-11,-22.067680986742786,14.824667681029768,-4.181346136356869,68.69624642166015
2002-01-12,-20.13409265795345,16.25668814540932,-3.9819057863593157,68.69981630099755
2002-01-13,-20.532668938036498,16.594041634955076,-3.255852174742098,69.07664388222967
2002-01-14,-19.86479642334278,16.19569090080169,-4.0090028582152355,69.11499937336927
2002-01-15,-20.625243376169728,17.264994892197887,-4.325618571710117,68.80660606590796
2002-01-16,-21.486042993179378,17.210775694279548,-2.1594186665518613,67.11874435113296
2002-01-17,-21.370792751780073,18.003530184953416,-3.3178115684868263,67.6358626867924
2002-01-18,-19.805421658924068,18.701449994857555,-3.6802158828624942,66.97283740958692
2002-01-19,-20.67160119385111,19.073870582338095,-5.217623443599438,67.27020812815606
2002-01-20,-20.638777479171047,20.13340101349627,-4.638507266612367,66.68674954711123
2002-01-21,-19.6257407232972,19.19898196631861,-6.412419103234633,67.10106606450769
2002-01-22,-18.8608880975241,19.90134007072839,-7.488362426853132,66.64220400452686
2002-01-23,-20.78839632274978,18.65747696016176,-7.8217393556930555,65.23422815950889
2002-01-24,-21.08342208828544,19.85034847533185,-5.371945269497884,65.28678315363805
2002-01-25,-19.646320507100715,21.134319224508005,-4.982834166790959,66.79914096165386
2002-01-26,-19.804340753158165,20.279201742846247,-6.807918825441659,66.98625253994227
2002-01-27,-19.126060726981905,19.918830834872832,-5.575905358459694,67.02983527202603
2002-01-28,-18.379655044550656,19.25491965157369,-5.782343892357305,67.73684351899617
2002-01-29,-18.209334785983987,19.470640868715883,-7.121223268017241,67.82823460569712
2002-01-30,-16.122955092214276,18.98563903666463,-7.22405035417281,68.05209822340879
2002-01-31,-14.999161142936051,18.292451381218807,-9.053238609771043,68.09528326902146
2002-02-01,-12.799079108724655,17.689559513692824,-9.869502407256315,71.04138847665874
2002-02-02,-12.616028066736607,17.4953718501692,-9.449237165238687,71.45580970302147
2002-02-03,-13.429236742890552,18.659090025105005,-9.074312020949904,70.61632045918617
2002-02-04,-15.630932759429943,20.07240330587138,-9.034340381626073,71.07905143815601
2002-02-05,-16.577398695795267,20.129999825877483,-10.145801989591368,73.0629827600363
2002-02-06,-16.63435027286436,19.109606869174932,-12.507250337938759,72.71493475831785
2002-02-07,-17.393884811977543,19.060705042271366,-12.685356700799245,71.09065786203055
2002-02-08,-18.889910311089146,18.805894566626936,-11.907911703899147,70.43224939996323
2002-02-09,-17.59168414839452,19.026919515638347,-13.154287528310428,71.49726237164677
2002-02-10,-17.287624237079115,17.870441367086134,-13.134457580935223,72.6867938542466
2002-02-11,-17.588077275412605,19.88204899202951,-12.483204615637625,72.19453112973122
2002-02-12,-17.55838086619384,19.50269682212039,-12.307323444377145,71.6071513156019
2002-02-13,-17.188142228764956,18.178818204947923,-12.62774029048663,71.67338580296389
2002-02-14,-16.847341223385136,18.818647698313697,-13.66557789141034,70.86717068925513
2002-02-15,-15.425056599288522,18.637103584465066,-15.197738684480244,70.63431946987188
2002-02-16,-13.605643875982535,17.979395528111926,-15.535436809557568,71.87088783494966
2002-02-17,-14.16199021091061,19.20702772263898,-15.661860449398546,73.47449554516315
2002-02-18,-14.249546428514295,19.980267012880034,-16.617839098433286,71.43997673459772
2002-02-19,-13.662998648923104,18.67098452581593,-17.63823735780314,71.04451087300022
2002-02-20,-12.367055689622228,18.52624816597262,-17.524011831398834,71.83890898738579
2002-02-21,-11.99888544580679,17.598924553308848,-17.705210238689023,71.41223718563067
2002-02-22,-12.932492170443583,19.831363283781453,-17.98293234646861,70.70876021465489
2002-02-23,-12.91197015096972,19.839949218063246,-18.04877483176994,70.87808493672271
2002-02-24,-12.8272751819295,19.90708650363582,-16.98483981620397,72.59984702257445
2002-02-25,-12.250942066021917,21.211911253520146,-16.20652207320978,72.88363113029177
2002-02-26,-13.369530368379024,21.369910664660424,-15.305011074805199,73.45551130322774
2002-02-27,-13.772478384987872,21.085245205845684,-15.580316186000434,73.18410910629125
2002-02-28,-13.957773985348528,22.396548084023014,-16.133920419418004,73.61328441220434
2002-03-01,-12.534722461715255,22.146734634929295,-18.130525968934048,74.2029599510837
2002-03-02,-12.02327689901136,21.25536571976244,-18.92763136130491,75.2666234876385
2002-03-03,-11.763629886399947,22.321079944027616,-19.98784003929004,75.14053726177073
2002-03-04,-11.475182931614908,21.19099144762272,-18.18686184158457,74.62739464566693
2002-03-05,-12.487726532559638,21.703833928473706,-19.653253822422876,74.3873528509464
2002-03-06,-11.336451070996514,21.07023920816353,-19.591734153379594,74.43646917012451
2002-03-07,-10.174160903294643,23.11865612312282,-19.84064968317825,74.67781511793653
2002-03-08,-10.894336361836215,23.323324086690235,-18.64956642130752,73.480599727703
2002-03-09,-11.968987609995274,24.211687437096423,-17.693734794524868,71.76874922008778
2002-03-10,-13.633205300380915,25.299197619408094,-16.511841321173517,71.84764336002867
2002-03-11,-13.505439564386254,25.10363292781568,-14.866391419458672,70.16256227611186
2002-03-12,-13.242512670027905,26.170806223159634,-17.89638501493663,70.3558307497849
2002-03-13,-13.379958457956882,26.079737349610536,-18.685653360341895,70.26950076218883
2002-03-14,-13.426822080922678,24.18160446950097,-17.359698057175446,70.45662604418341
2002-03-15,-12.43301523491983,23.605644336490656,-16.234718393539602,69.43677077271792
2002-03-16,-12.109653873887774,24.437108043368564,-13.92254960384538,68.1990557929826
2002-03-17,-11.363731826547115,23.47899109782283,-14.40353887378557,69.63267154382851
2002-03-18,-12.98376065700188,20.76396802003541,-15.191770257480032,69.69045914035495
2002-03-19,-11.066186072761992,21.748881163396632,-14.029098783968776,70.47418617572568
2002-03-20,-10.431425376157629,20.71428438942472,-14.023449467882635,69.11516751828974
2002-03-21,-12.039401015338383,22.549399215547414,-13.309829414727643,69.07964776868003
2002-03-22,-12.143295071044122,22.576392511815666,-13.541615775002448,67.4513010908948
2002-03-23,-11.058391757688613,23.7813742326433,-14.104470047062328,70.31481984028079
2002-03-24,-11.660873872489267,23.663687216347014,-12.85751810289752,71.35755688430356
2002-03-25,-11.311933978950657,23.84797399823294,-14.43966373694395,71.46293459153532
2002-03-26,-10.288763323720929,24.830289784489697,-13.712908742750809,71.47636319065057
2002-03-27,-10.134708277723242,25.350833897098678,-14.454420833794437,71.66221933957566
2002-03-28,-9.094033245674858,24.826570912411142,-12.901713606243788,71.63732990206972
2002-03-29,-10.467627045820423,26.230580511828467,-12.04436115032718,71.96648147089024
2002-03-30,-11.285169414282603,26.941202188330088,-13.344283348995273,72.31870179533716
2002-03-31,-12.478873558440576,26.387755364786305,-12.726354387849367,71.38882149263546
2002-04-01,-10.458591446675456,23.963530771710555,-12.841732973199116,72.41288244981298
2002-04-02,-10.022880362372355,22.54392826826929,-13.255739328394885,74.57219315201152
2002-04-03,-12.505419776927916,23.12642502958811,-12.24393227654048,75.81170208923642
2002-04-04,-13.022462393053145,23.608330479407535,-12.10966051675443,76.593310938986
2002-04-05,-13.630896249109414,23.573216381382856,-10.371428042649702,77.14694065247413
2002-04-06,-14.193450425895819,24.103252129773413,-10.239323781395386,75.89134638738854
2002-04-07,-15.695292355560984,23.866213269111295,-8.169009149760761,75.93055105244554
2002-04-08,-14.49270710787565,23.487877807937437,-7.267565455521428,76.27064305259123
2002-04-09,-14.765772417181285,22.849907361468993,-7.37060457254094,76.43366356078735
2002-04-10,-13.372709384046834,22.4466770017063,-6.0486326962851775,77.35684224809793
2002-04-11,-12.1755145417234,21.155788178064178,-6.2651243865787345,77.09662415690974
2002-04-12,-11.58309450100577,20.90217810057917,-7.290745822968824,76.56909404955286
2002-04-13,-10.379160014228713,22.35219542650422,-5.0909996165611595,77.72764841516523
2002-04-14,-9.556538525821015,22.391384794479805,-5.22796562835461,76.3281072954591
2002-04-15,-9.255932965745675,20.994849017575554,-3.58114052704242,77.51545846441225
2002-04-16,-9.919226016681485,22.476039607103534,-4.869417114932524,77.85202814019648
2002-04-17,-9.967123312748855,21.46696161183132,-5.635870359465434,78.28312829151935
2002-04-18,-10.991888563964954,21.710070448400216,-3.3436274977991163,79.2945450926476
2002-04-19,-10.49403460398584,22.48906711321549,-5.735886472153448,80.45597071540904
2002-04-20,-11.64239576770126,22.993694846422784,-5.090133468830478,80.66457720552245
2002-04-21,-10.655172537242025,21.911487392134152,-3.9589414691279394,80.63567153450025
2002-04-22,-11.076615794713273,21.557930151952977,-3.575414516762226,81.35411681146113
2002-04-23,-10.399328458540047,22.674674308258883,-4.007163994853038,80.59044201626925
2002-04-24,-9.637203922045234,23.21775562162747,-4.201714488436967,82.54270209551973
2002-04-25,-10.639971517997264,22.644992814213214,-2.418535178431406,82.50839996587851
2002-04-26,-10.029264155603645,21.994732474276084,-1.8923583107107316,81.44966433249331
2002-04-27,-8.964461736242969,22.178345376205208,-1.9506495513181459,80.87116664285259
2002-04-28,-10.69206298515178,23.442976853165135,-3.346644135681404,80.58170937963973
2002-04-29,-9.472194279884238,24.603615771244606,-1.625143601777273,82.41007482153161
2002-04-30,-10.950147390888445,23.201308261494926,-3.1719565898146893,83.25022572760395
2002-05-01,-12.427336653668089,20.838246777334735,-3.3165201468294256,83.52815358207721
2002-05-02,-12.349148095009019,19.708421856798562,-3.0652641377451246,81.55072540721686
2002-05-03,-12.865658862044265,19.80495736994079,-3.5220666398060554,82.11132826620582
2002-05-04,-12.441156811966662,20.249106240957538,-3.0970256533767997,81.36041261404175
2002-05-05,-11.975666779140168,19.337793908567452,-2.657949673243806,81.72131979439183
2002-05-06,-10.639779838629122,20.351090229548095,-1.8256616372522982,82.46006913309785
2002-05-07,-9.718425810107817,19.098202813352177,-2.3224250569147684,84.00318180765449
2002-05-08,-10.635797518147687,18.620949064544398,-3.8064278685215545,86.58092630321909
2002-05-09,-10.68149711650009,18.61087201453036,-4.519680464200395,87.56206795953105
2002-05-10,-12.218517124443995,17.36522355795409,-6.514426711993888,86.8266229468791
2002-05-11,-12.975158065326058,16.73805852963561,-5.961805781447365,87.00633925224226
2002-05-12,-10.92332333723592,17.25287630921044,-6.486309688376308,86.07796819547765
2002-05-13,-11.597471249175662,19.355351011316863,-5.197247143178592,86.65049732216475
2002-05-14,-11.129250912226961,18.574641228771327,-6.684055835339813,87.22387613466488
2002-05-15,-10.815538401074726,17.56062334873129,-8.396694451735094,87.81332587576641
2002-05-16,-11.831865231458549,16.300028136761625,-7.491913948899712,88.10605336180144
2002-05-17,-12.24530119614211,15.730620919921526,-7.095579609077668,87.58417280831048
2002-05-18,-12.523667525391918,17.06808791118725,-7.579194349272691,86.14877135360247
2002-05-19,-14.023235190637912,15.393945747743574,-9.55530285629593,85.85542870124381
2002-05-20,-13.472489826824745,13.761146562757979,-11.124673992864093,85.02825074922711
2002-05-21,-15.168361572270994,13.77707656875982,-10.39547377157302,83.35170255990386
2002-05-22,-16.58081002049155,14.320463235092951,-10.945032995526386,84.28173770709108
2002-05-23,-16.571315131196453,16.68714584247091,-11.361415161809369,85.07965503793281
2002-05-24,-16.02481919750866,18.281360020195713,-13.004421556705008,85.16831659597409
2002-05-25,-15.847265155352295,18.262465480829807,-11.70235919762586,85.41242565648874
2002-05-26,-14.806077338301964,19.129158612279152,-12.721726696214299,87.13369173050084
2002-05-27,-14.90215637469982,19.391071837024615,-11.74141011059027,87.10904020405326
2002-05-28,-14.029990375621413,17.951437415103882,-12.087117138332083,85.76692674854877
2002-05-29,-14.82405096449941,16.96822286396952,-12.120784401068793,85.36215915088991
2002-05-30,-13.421150486170353,16.88178476792424,-11.655268586529292,85.1314633764533
2002-05-31,-13.792733971826756,16.865528808261338,-11.809762910689201,84.22478543011201
2002-06-01,-13.973618096400735,15.765683005267185,-11.405601710643401,84.414056823354
2002-06-02,-12.528274549370519,15.74257576372884,-11.97471403512762,85.88225040118067
2002-06-03,-12.60177284256898,16.68079725038768,-11.795221477749719,87.17694716271822
2002-06-04,-11.584090137568875,16.32246611631554,-10.74357130033325,85.79826874443617
2002-06-05,-11.857597399555992,16.793218905143174,-10.419180177909553,84.68506711535585
2002-06-06,-12.582464795444576,17.428019304554972,-10.652289876248213,86.2647237065443
2002-06-07,-13.060650801362693,16.82461057918719,-10.582232281690763,87.54325241050164
2002-06-08,-11.61729335097884,15.979394716384519,-10.466667502377522,86.69629821794504
2002-06-09,-11.61314647106273,15.705172533525143,-10.688993865982907,86.37178799622748
2002-06-10,-9.427877072290281,15.616474692208588,-10.787020672048627,84.98216522007553
2002-06-11,-10.756225412553526,14.550524732189304,-11.383262443583861,85.05046420108165
2002-06-12,-8.104842652103205,15.47058641576357,-11.365563650214172,84.36527205961646
2002-06-13,-8.002802287843785,15.15433836680198,-12.6108570876724,84.68597719624505
2002-06-14,-7.364849132963881,14.551454025080847,-13.432693426105013,84.76768241249381
2002-06-15,-8.32595670747871,14.377846352285768,-13.468224779808061,85.01487543624458
2002-06-16,-8.69936380068588,14.434720228269189,-12.606704809744116,85.13841367513882
2002-06-17,-9.653424541630232,12.192300959320365,-12.62045188683643,84.10368145176156
2002-06-18,-9.180858680410012,12.308235087274872,-12.014342243671624,84.78810760724755
2002-06-19,-9.472023475603008,12.293316854186202,-11.72050471177101,84.95393167864951
2002-06-20,-10.893479218075344,9.457584591218842,-12.133796667607385,84.76564174705467
2002-06-21,-10.260625289374035,10.98488321369618,-12.680761032977085,83.38358785147392
2002-06-22,-8.831666281665312,8.081601605118344,-14.385155253846175,84.18697450496953
2002-06-23,-8.615918114709183,8.858872870437141,-15.75629446635462,82.75248038329113
2002-06-24,-9.294180929456436,8.666700717946103,-16.138948869940894,82.94757586526075
2002-06-25,-8.71008215267341,9.416170195305249,-15.904929389921534,84.12630744750813
2002-06-26,-9.097352417517794,8.22010397459135,-16.133473923926434,83.30779345693342
2002-06-27,-7.32815277413152,8.104573024956583,-14.757893752363941,82.06714765495921
2002-06-28,-7.3362657089390355,8.129325379559996,-15.33069205855586,81.1715341980478
2002-06-29,-8.437946590955669,8.97651104236569,-15.249061385531451,81.61204575889951
2002-06-30,-8.116378162916455,8.969209828219446,-15.151753039489492,81.50319858298275
2002-07-01,-8.815772683895899,8.953498780849815,-15.55783285798581,80.73239145904512
2002-07-02,-8.28445675523396,9.553750873438084,-14.464856499548983,79.73587120597705
2002-07-03,-8.818048264683895,10.254645303349465,-15.661659876458566,79.11930575248854
2002-07-04,-9.52241677360375,11.42536693852741,-16.211457102229325,78.77678771354026
2002-07-05,-9.478523705936338,10.07137836409023,-15.970757641653911,78.30499146487827
2002-07-06,-9.553061766707321,9.754125873732722,-16.788183181190465,78.20535549310316
2002-07-07,-9.927849075157477,9.518180740593822,-16.434540957222982,77.80587706174445
2002-07-08,-8.386736684316206,8.778486666596068,-16.42011283897734,78.08467040509244
2002-07-09,-6.9118649053697006,9.985055090201433,-17.353839570286922,77.4888901827501
2002-07-10,-7.7664603296803705,10.234281646209695,-16.215401749760574,75.37386637396999
2002-07-11,-6.086584728725235,8.807956100961551,-15.878729868865921,75.78651903463452
2002-07-12,-6.439869045723664,8.567756532220223,-16.14801134018041,75.11391664190242
2002-07-13,-6.098915792176555,10.805176144806083,-16.106683542077903,74.35739356809975
2002-07-14,-6.306588652270535,11.399714096087758,-15.488830881079823,73.98086027192001
2002-07-15,-6.2850068256259295,10.628922248539174,-15.507421334420462,73.34199757894724
2002-07-16,-8.291533997168933,9.75494422775687,-15.911735882406873,74.07334055286368
2002-07-17,-9.947723736802047,10.061465913618513,-15.381851019591263,74.01479532004892
2002-07-18,-10.457175631985377,9.714170728009693,-14.198880835874276,75.42201276478137
2002-07-19,-9.090207594926923,10.654483923650718,-13.06346280548564,75.5956048933946
2002-07-20,-9.585079194408234,9.843086386618948,-12.163646932457056,75.51803376277165
2002-07-21,-10.89763611960581,8.342734781213005,-10.14833777188291,74.93094995429111
2002-07-22,-11.477633333560888,8.87472480393935,-9.61526643926039,75.49886923939947
2002-07-23,-11.573171886283694,6.636115062084606,-10.977738061657401,74.54621579854134
2002-07-24,-11.567992072359493,6.629842582536309,-9.840591361711281,76.38700681722757
2002-07-25,-12.436007338450652,5.576970610513499,-9.957322593734546,76.02135328940103
2002-07-26,-11.331193038150133,6.255305755705604,-9.463126525692621,74.26767058184132
2002-07-27,-11.492357418588485,5.298587106783685,-8.190905594252408,74.21054521032355
2002-07-28,-12.932437325280679,4.217841151871925,-9.273735345807117,74.20217715818781
2002-07-29,-13.948441877101748,2.583298603129891,-8.28311536614411,73.42124754244374
2002-07-30,-13.688820675788431,3.8782290755686697,-9.095455689479188,72.60546688848468
2002-07-31,-14.382503079024733,2.9297009051180103,-9.048880665052417,72.35372929711697
2002-08-01,-14.61132404380163,3.677438223835078,-7.97793901641492,70.42838159440517
2002-08-02,-15.578436719205632,4.653111747714318,-10.151733510909136,71.12239078314406
2002-08-03,-16.102300448718648,4.082788477227355,-10.202258728140999,71.84855420338762
2002-08-04,-17.019363010562156,2.6346992785796712,-9.970935095601249,72.02234281254152
2002-08-05,-16.969818564332844,3.305274076596496,-9.310380689994345,72.62781675253127
2002-08-06,-15.811688670339718,2.834343676758078,-8.36471221895494,71.84386890687396
2002-08-07,-16.88146465773968,3.243794066832296,-11.116282357092432,70.62228141788525
2002-08-08,-16.26307488703578,3.1171512278563394,-9.943377126492184,70.83608819474155
2002-08-09,-15.892652021571797,2.2394569987581017,-9.500714072208837,69.58931640182328
2002-08-10,-16.101083410433382,0.6248612548055754,-8.770650818369399,69.14769837811414
2002-08-11,-16.026984939363654,0.2972926011256085,-9.574914805419606,69.3772308216396
2002-08-12,-17.133804123039504,0.5005636877954869,-8.692551970689632,68.46135468663704
2002-08-13,-17.636544503725876,0.18878181868468674,-8.140517677898776,67.84076396948416
2002-08-14,-18.725005206455243,-0.7212955526568621,-8.736976484069496,68.1254582054777
2002-08-15,-18.54104167405338,0.42884970223552044,-9.887516720757617,67.99319640252703
2002-08-16,-17.69463902592622,-1.3745174183366513,-10.436250457066661,66.87662420056171
2002-08-17,-16.499100413055217,-1.7176351409546744,-11.420472759787513,66.43004146039524
2002-08-18,-16.175983394309487,-1.3051191823723962,-10.859031480139702,66.25385579092598
2002-08-19,-17.55637143120629,-0.3485220170406915,-10.6753533190919,64.73955426549459
2002-08-20,-17.59860574714889,-1.3170803786670107,-9.791920235464067,63.69141403035299
2002-08-21,-17.16585232523365,-0.8422892785355907,-10.240469644744437,63.04981887709235
2002-08-22,-17.144769215189335,0.5266068359236664,-10.435551602585386,61.392722815996635
2002-08-23,-18.179722756969927,-1.2033373043858417,-11.639021902899106,61.39905213133678
2002-08-24,-17.682134535013667,-1.0392046688381595,-10.04072534564783,62.168849003027184
2002-08-25,-17.215171476097293,-1.7868790698034405,-10.829795234660391,61.3237245769075
2002-08-26,-18.3457203604681,-1.7921410866630139,-11.80779314464387,62.58309039808159
2002-08-27,-18.82665515131885,-1.0078961718294863,-11.744333650982995,63.46919168424308
2002-08-28,-19.645604065418706,-2.4211955348429908,-11.066002429029318,64.59532306212834
2002-08-29,-19.35871887094663,-0.8160785499450012,-10.405493742835361,64.37457535073224
2002-08-30,-20.077922993739467,-1.5065157692377276,-9.22224548678285,64.48605347866913
2002-08-31,-19.560694271613276,-1.3028618191619843,-8.944130604344027,65.5571649666223
2002-09-01,-19.362424439474598,-2.66499622624303,-8.951998434965192,65.26966342744436
2002-09-02,-19.322017475252743,-2.9792973770900213,-10.790076931954266,64.86698724377463
2002-09-03,-19.240395314400626,-1.9999608518224452,-11.314130575098872,64.94133629148857
2002-09-04,-19.893465745747203,-2.0666842373413465,-10.98248132181326,64.59647482091566
2002-09-05,-19.573647016509398,-2.5171347897717955,-11.668535091134602,63.615438786479466
2002-09-06,-19.945708447566727,-2.721848447506141,-11.362766263258216,62.742037166276155
2002-09-07,-21.067870999408445,-1.40303371679801,-11.25429020730175,62.34308621637971
2002-09-08,-21.99202425494862,-1.4315872248622818,-10.860676759983907,63.07235765422065
2002-09-09,-24.930337054842052,-3.1117056599048087,-11.667828645731174,62.43023442581555
2002-09-10,-26.11432980547981,-4.935043903760004,-13.078865261338144,62.42304469294181
2002-09-11,-27.262309119492777,-6.03254809130293,-12.782730901120663,61.27725893006593
2002-09-12,-26.68024345430838,-5.366265284139774,-13.742678934878072,61.029870957355904
2002-09-13,-26.222289815251123,-6.543514624410186,-14.943227055237417,60.364406225511004
2002-09-14,-26.62687848903371,-5.289497891149752,-14.445451828760124,59.49133279498893
2002-09-15,-27.39418207725651,-2.4572287607472623,-14.716151630858773,59.71415383966552
2002-09-16,-28.272929896586945,-3.988222419869901,-15.318889296911887,59.165448136480386
2002-09-17,-27.398881004511033,-3.4811143043202097,-15.2291390346867,58.606204944359476
2002-09-18,-28.573029605239267,-4.147427460306349,-14.616477343636106,58.402198985034694
2002-09-19,-31.133771894264136,-4.621580646571694,-14.558164309841338,60.602741763189734
2002-09-20,-30.381610704324807,-4.617598221502233,-14.950948775314703,61.74543128742569
2002-09-21,-28.83841127515065,-3.833882640168445,-14.484164949406297,60.9866883814457
2002-09-22,-30.120899298951006,-3.778132763902264,-14.062578234780528,61.63686227808444
2002-09-23,-29.900583315835153,-2.1331277336638,-14.86011283711284,60.97168570373339
2002-09-24,-29.547554211169185,-2.6979879561852522,-14.0200035861624,62.91458259260214
2002-09-25,-30.047587846903717,-2.348222633286764,-13.274795663512442,63.330604700594456
2002-09-26,-30.374773992406304,-3.3703269008417225,-12.237176569206815,64.87660783095407
